{
  "le2_anger_p99": 0.44260532620207094,
  "le2_stress_p99": 0.44220723234842874,
  "le2_anger_max": 0.7,
  "le2_stress_max": 0.5258342033379233,
  "ge3_anger_p50": 0.2566322941821865,
  "ge3_stress_p50": 0.15309208022868429,
  "ge3_anger_max": 0.7,
  "ge3_stress_max": 0.5170886247881988,
  "n_le2": 43297,
  "n_ge3": 391
}